FILE	b0002.fasta	b0003.fasta	b0004.fasta	b0005.fasta	b0006.fasta	b0009.fasta	b0010.fasta	b0011.fasta	b0013.fasta	b0014.fasta	b0015.fasta	b0019.fasta	b0020.fasta	b0023.fasta	b0025.fasta	b0026.fasta	b0027.fasta	b0028.fasta	b0029.fasta	b0030.fasta	b0031.fasta	b0032.fasta	b0033.fasta	b0034.fasta	b0039.fasta
2009-01-4064-1-T	52	38	58	3	2	4	15	32	7	109	19	9	647	1	3	8	2	1	19	28	3	24	2113	2	27
2014-01-4270-1-S	7	2	4	89	7	48	11	76	36	212	27	186	711	1	3	51	2	1	205	28	3	218	32	12	25
2015-01-1952-1-T	10	27	28	8	10	11	8	9	10	10	9	11	687	2	9	10	8	9	9	9	8	9	10	8	1145
2015-01-1955-1-S	530	292	361	98	325	39	284	106	32	116	140	135	715	1	59	575	38	35	324	382	327	350	561	4	146
2015-01-1661-1-S	73	2	4	10	33	4	1	32	7	30	11	20	664	1	3	54	26	1	11	38	27	2	49	2	37
2015-01-1823-1-S	297	907	72	3	1	1	1	1	1	80	177	1	652	1	31	1975	1	1	1	305	185	205	2116	399	31
2015-01-1954-1-S	85	60	71	3	1	1	1	0	1	75	74	22	652	1	55	98	6	6	6	6	60	353	26	6	350
2011-01-3460-5-T	52	38	58	3	2	4	15	32	7	109	19	9	647	1	3	8	2	1	19	28	3	24	2113	2	27
2015-01-5018-1-S	38	31	32	17	9	8	11	35	1	231	33	201	666	1	27	41	12	24	23	1074	199	29	39	4	30
2012-01-838-6-T	10	27	28	8	10	11	558	9	10	10	9	11	687	2	9	10	8	9	9	9	8	9	10	8	9
2015-01-5141-1-S	38	31	32	17	9	8	11	35	1	231	33	201	666	1	27	41	12	24	23	71	199	29	39	4	30
2013-01-2024-1-T	636	2	4	3	34	31	6	42	7	197	11	21	721	1	3	21	2	2	11	19	3	17	53	2	25
2014-01-7133-1-S	8	2	4	3	72	215	1	561	8	65	11	30	647	1	3	51	2	1	2	90	3	8	81	2	54
2014-01-7394-1-S	8	2	4	3	72	215	1	561	8	65	11	30	647	1	3	51	2	1	2	90	3	8	81	2	54
2017-01-3941-1-S	306	326	400	16	310	228	220	534	188	451	367	198	722	1	298	647	109	224	360	1237	698	225	657	155	392
2016-17-343-1-S	8	2	9	6	8	340	1	3	8	8	2	9	647	1	3	8	2	8	8	8	7	8	2118	2	8
2016-17-98-1-S	557	2	9	6	8	10	1	3	8	8	2	9	647	1	3	8	2	8	8	8	7	8	8	2	8
2014-01-2070-1-S	309	106	113	25	169	71	80	4	23	3	3	37	677	2	4	344	43	67	78	3	90	112	135	3	182
2014-01-2071-1-S	1	1	1	1	1	1	1	1	1	1	1	1	652	1	1	1	1	1	1	1	1	1	1	1	1
2014-01-2144-1-S	10	27	28	8	10	11	313	9	10	10	9	11	687	2	9	10	8	9	9	9	8	9	10	8	9
